0,1,2,3,4,5,6,7,8,9,10
JPX デリバティブ建玉残高状況（別紙1）,,,,,,,,,,
2026-03-10 00:00:00,,,,,,,,,,
,,,,,,,,,,
,,,,,,,,,,
＜日経225オプション（プット）＞,,,,,,＜日経225オプション（コール）＞,,,,
限月取引,取引高,"当日
建玉残高",前日比,"前日
建玉残高",,限月取引,取引高,"当日
建玉残高",前日比,"前日
建玉残高"
NIKKEI 225 P2603-10000,0,1707,0,1707,,NIKKEI 225 C2603-20000,0,10,0,10
NIKKEI 225 P2603-12000,0,845,0,845,,NIKKEI 225 C2603-30000,0,1170,0,1170
NIKKEI 225 P2603-14000,0,633,0,633,,NIKKEI 225 C2603-32000,0,300,0,300
NIKKEI 225 P2603-16000,0,666,0,666,,NIKKEI 225 C2603-33000,0,400,0,400
NIKKEI 225 P2603-18000,7,449,-2,451,,NIKKEI 225 C2603-33500,0,2,0,2
NIKKEI 225 P2603-20000,0,1445,0,1445,,NIKKEI 225 C2603-34000,0,203,0,203
NIKKEI 225 P2603-21000,0,263,0,263,,NIKKEI 225 C2603-35000,0,929,0,929
NIKKEI 225 P2603-22000,1,1011,0,1011,,NIKKEI 225 C2603-35500,0,7,0,7
NIKKEI 225 P2603-23000,0,679,0,679,,NIKKEI 225 C2603-36000,0,1140,0,1140
NIKKEI 225 P2603-24000,0,537,0,537,,NIKKEI 225 C2603-36250,0,112,0,112
NIKKEI 225 P2603-25000,1,3251,-1,3252,,NIKKEI 225 C2603-36500,0,6,0,6
NIKKEI 225 P2603-26000,4,766,-4,770,,NIKKEI 225 C2603-37000,0,219,0,219
NIKKEI 225 P2603-27000,21,982,-14,996,,NIKKEI 225 C2603-37500,0,1080,0,1080
NIKKEI 225 P2603-27250,0,26,0,26,,NIKKEI 225 C2603-38000,0,200,0,200
NIKKEI 225 P2603-27500,7,221,-6,227,,NIKKEI 225 C2603-38500,0,600,0,600
NIKKEI 225 P2603-27750,2,35,0,35,,NIKKEI 225 C2603-39000,0,1000,0,1000
NIKKEI 225 P2603-28000,47,2376,1,2375,,NIKKEI 225 C2603-39500,0,1400,0,1400
NIKKEI 225 P2603-28250,4,34,3,31,,NIKKEI 225 C2603-40000,2,1705,-2,1707
NIKKEI 225 P2603-28500,16,725,3,722,,NIKKEI 225 C2603-40500,0,325,0,325
NIKKEI 225 P2603-28750,1,48,1,47,,NIKKEI 225 C2603-40750,0,311,0,311
NIKKEI 225 P2603-29000,28,331,4,327,,NIKKEI 225 C2603-41000,0,150,0,150
NIKKEI 225 P2603-29250,12,34,10,24,,NIKKEI 225 C2603-41500,0,552,0,552
NIKKEI 225 P2603-29500,24,115,13,102,,NIKKEI 225 C2603-42000,0,1130,0,1130
NIKKEI 225 P2603-29750,15,50,10,40,,NIKKEI 225 C2603-42250,0,61,0,61
NIKKEI 225 P2603-30000,308,6345,10,6335,,NIKKEI 225 C2603-42500,0,50,0,50
NIKKEI 225 P2603-30250,12,5,-9,14,,NIKKEI 225 C2603-42750,0,100,0,100
NIKKEI 225 P2603-30500,5,49,-5,54,,NIKKEI 225 C2603-43000,0,965,0,965
NIKKEI 225 P2603-30750,2,43,-2,45,,NIKKEI 225 C2603-43500,0,100,0,100
NIKKEI 225 P2603-31000,32,389,0,389,,NIKKEI 225 C2603-44000,2,170,0,170
NIKKEI 225 P2603-31250,3,42,-1,43,,NIKKEI 225 C2603-44750,0,35,0,35
NIKKEI 225 P2603-31500,27,475,9,466,,NIKKEI 225 C2603-45000,0,2475,0,2475
NIKKEI 225 P2603-31750,8,71,-8,79,,NIKKEI 225 C2603-45500,0,50,0,50
NIKKEI 225 P2603-32000,59,3385,0,3385,,NIKKEI 225 C2603-46000,0,900,0,900
NIKKEI 225 P2603-32250,5,35,3,32,,NIKKEI 225 C2603-46500,0,101,0,101
NIKKEI 225 P2603-32500,20,675,2,673,,NIKKEI 225 C2603-47000,0,2830,0,2830
NIKKEI 225 P2603-32750,10,101,-2,103,,NIKKEI 225 C2603-47500,0,500,0,500
NIKKEI 225 P2603-33000,139,5602,1,5601,,NIKKEI 225 C2603-48000,0,2556,0,2556
NIKKEI 225 P2603-33250,6,869,4,865,,NIKKEI 225 C2603-49000,0,1820,0,1820
NIKKEI 225 P2603-33500,19,401,2,399,,NIKKEI 225 C2603-49500,0,450,0,450
NIKKEI 225 P2603-33750,13,102,1,101,,NIKKEI 225 C2603-49750,0,300,0,300
NIKKEI 225 P2603-34000,145,6458,-41,6499,,NIKKEI 225 C2603-50000,6,3317,0,3317
NIKKEI 225 P2603-34250,24,2131,0,2131,,NIKKEI 225 C2603-50500,0,501,0,501
NIKKEI 225 P2603-34500,30,206,13,193,,NIKKEI 225 C2603-50750,0,230,0,230
NIKKEI 225 P2603-34750,8,21,0,21,,NIKKEI 225 C2603-51000,3,1097,0,1097
NIKKEI 225 P2603-35000,307,4692,-24,4716,,NIKKEI 225 C2603-51500,6,626,-4,630
NIKKEI 225 P2603-35250,8,16,2,14,,NIKKEI 225 C2603-51750,6,324,-5,329
NIKKEI 225 P2603-35500,48,539,12,527,,NIKKEI 225 C2603-51875,0,1,0,1
NIKKEI 225 P2603-35750,24,30,13,17,,NIKKEI 225 C2603-52000,5,4695,-32,4727
NIKKEI 225 P2603-36000,166,3018,72,2946,,NIKKEI 225 C2603-52250,2,99,0,99
NIKKEI 225 P2603-36250,22,69,14,55,,NIKKEI 225 C2603-52375,0,6,0,6
NIKKEI 225 P2603-36500,68,390,14,376,,NIKKEI 225 C2603-52500,19,1353,-70,1423
NIKKEI 225 P2603-36750,20,32,15,17,,NIKKEI 225 C2603-52625,0,3,0,3
NIKKEI 225 P2603-37000,209,3197,-18,3215,,NIKKEI 225 C2603-52750,2,204,-1,205
NIKKEI 225 P2603-37250,37,247,3,244,,NIKKEI 225 C2603-52875,2,9,-1,10
NIKKEI 225 P2603-37500,119,1080,3,1077,,NIKKEI 225 C2603-53000,228,2061,-99,2160
NIKKEI 225 P2603-37750,7,310,2,308,,NIKKEI 225 C2603-53250,5,64,-1,65
NIKKEI 225 P2603-38000,634,3045,6,3039,,NIKKEI 225 C2603-53375,0,700,0,700
NIKKEI 225 P2603-38250,18,39,7,32,,NIKKEI 225 C2603-53500,112,405,-8,413
NIKKEI 225 P2603-38500,86,2200,-11,2211,,NIKKEI 225 C2603-53625,0,10,0,10
NIKKEI 225 P2603-38750,54,105,-2,107,,NIKKEI 225 C2603-53750,15,105,-4,109
NIKKEI 225 P2603-39000,172,3686,25,3661,,NIKKEI 225 C2603-53875,3,200,0,200
NIKKEI 225 P2603-39250,4,26,2,24,,NIKKEI 225 C2603-54000,546,5170,20,5150
NIKKEI 225 P2603-39500,51,1037,-2,1039,,NIKKEI 225 C2603-54125,13,11,10,1
NIKKEI 225 P2603-39750,32,114,2,112,,NIKKEI 225 C2603-54250,117,93,73,20
NIKKEI 225 P2603-40000,2447,5032,21,5011,,NIKKEI 225 C2603-54375,2,6,0,6
NIKKEI 225 P2603-40250,53,302,23,279,,NIKKEI 225 C2603-54500,493,1499,14,1485
NIKKEI 225 P2603-40500,47,566,10,556,,NIKKEI 225 C2603-54625,11,2,2,0
NIKKEI 225 P2603-40750,31,437,-3,440,,NIKKEI 225 C2603-54750,33,13,3,10
NIKKEI 225 P2603-41000,252,2552,-35,2587,,NIKKEI 225 C2603-54875,12,6,0,6
NIKKEI 225 P2603-41250,14,67,0,67,,NIKKEI 225 C2603-55000,2301,5194,-62,5256
NIKKEI 225 P2603-41500,68,1587,-9,1596,,NIKKEI 225 C2603-55125,22,14,7,7
NIKKEI 225 P2603-41750,6,84,1,83,,NIKKEI 225 C2603-55250,392,2887,268,2619
NIKKEI 225 P2603-42000,348,3841,81,3760,,NIKKEI 225 C2603-55375,84,72,60,12
NIKKEI 225 P2603-42250,28,82,9,73,,NIKKEI 225 C2603-55500,1072,2216,105,2111
NIKKEI 225 P2603-42500,143,1205,22,1183,,NIKKEI 225 C2603-55625,14,56,-14,70
NIKKEI 225 P2603-42750,48,119,-8,127,,NIKKEI 225 C2603-55750,290,754,181,573
NIKKEI 225 P2603-43000,547,2761,-201,2962,,NIKKEI 225 C2603-55875,9,16,-5,21
NIKKEI 225 P2603-43250,3,16,2,14,,NIKKEI 225 C2603-56000,1697,4648,439,4209
NIKKEI 225 P2603-43500,137,612,-16,628,,NIKKEI 225 C2603-56125,17,17,9,8
NIKKEI 225 P2603-43750,16,23,1,22,,NIKKEI 225 C2603-56250,130,110,71,39
NIKKEI 225 P2603-44000,957,4720,-377,5097,,NIKKEI 225 C2603-56375,24,43,-3,46
NIKKEI 225 P2603-44250,14,12,-3,15,,NIKKEI 225 C2603-56500,708,2298,100,2198
NIKKEI 225 P2603-44500,72,744,-9,753,,NIKKEI 225 C2603-56625,31,39,14,25
NIKKEI 225 P2603-44750,15,89,-6,95,,NIKKEI 225 C2603-56750,69,257,2,255
NIKKEI 225 P2603-45000,1810,6790,178,6612,,NIKKEI 225 C2603-56875,28,30,0,30
NIKKEI 225 P2603-45250,11,135,-2,137,,NIKKEI 225 C2603-57000,1796,3335,-85,3420
NIKKEI 225 P2603-45500,125,361,-19,380,,NIKKEI 225 C2603-57125,6,23,2,21
NIKKEI 225 P2603-45750,22,38,10,28,,NIKKEI 225 C2603-57250,42,139,20,119
NIKKEI 225 P2603-46000,602,5296,-61,5357,,NIKKEI 225 C2603-57375,16,105,5,100
NIKKEI 225 P2603-46250,18,133,0,133,,NIKKEI 225 C2603-57500,477,2355,11,2344
NIKKEI 225 P2603-46500,89,1210,1,1209,,NIKKEI 225 C2603-57625,12,346,0,346
NIKKEI 225 P2603-46750,11,971,0,971,,NIKKEI 225 C2603-57750,159,1691,-69,1760
NIKKEI 225 P2603-47000,1096,6242,-416,6658,,NIKKEI 225 C2603-57875,14,211,4,207
NIKKEI 225 P2603-47125,6,10,-3,13,,NIKKEI 225 C2603-58000,1114,5170,-512,5682
NIKKEI 225 P2603-47250,4,59,0,59,,NIKKEI 225 C2603-58125,14,88,0,88
NIKKEI 225 P2603-47375,4,27,-1,28,,NIKKEI 225 C2603-58250,79,249,39,210
NIKKEI 225 P2603-47500,296,2415,-78,2493,,NIKKEI 225 C2603-58375,9,9,-1,10
NIKKEI 225 P2603-47625,14,31,10,21,,NIKKEI 225 C2603-58500,264,601,18,583
NIKKEI 225 P2603-47750,4,287,-1,288,,NIKKEI 225 C2603-58625,8,8,0,8
NIKKEI 225 P2603-47875,1,40,1,39,,NIKKEI 225 C2603-58750,24,63,9,54
NIKKEI 225 P2603-48000,1942,4576,183,4393,,NIKKEI 225 C2603-58875,9,44,-1,45
NIKKEI 225 P2603-48125,14,26,-17,43,,NIKKEI 225 C2603-59000,610,3385,13,3372
NIKKEI 225 P2603-48250,8,22,-1,23,,NIKKEI 225 C2603-59125,111,119,92,27
NIKKEI 225 P2603-48375,5,59,1,58,,NIKKEI 225 C2603-59250,32,218,10,208
NIKKEI 225 P2603-48500,248,2234,-35,2269,,NIKKEI 225 C2603-59375,7,19,5,14
NIKKEI 225 P2603-48625,2,507,1,506,,NIKKEI 225 C2603-59500,150,1169,-63,1232
NIKKEI 225 P2603-48750,170,187,16,171,,NIKKEI 225 C2603-59625,8,14,-2,16
NIKKEI 225 P2603-48875,20,11,2,9,,NIKKEI 225 C2603-59750,19,260,-1,261
NIKKEI 225 P2603-49000,1222,6617,-26,6643,,NIKKEI 225 C2603-59875,13,30,3,27
NIKKEI 225 P2603-49125,9,334,5,329,,NIKKEI 225 C2603-60000,1448,6747,-195,6942
NIKKEI 225 P2603-49250,26,67,-14,81,,NIKKEI 225 C2603-60125,162,163,146,17
NIKKEI 225 P2603-49375,12,23,6,17,,NIKKEI 225 C2603-60250,61,46,12,34
NIKKEI 225 P2603-49500,185,2199,-97,2296,,NIKKEI 225 C2603-60375,14,62,-1,63
NIKKEI 225 P2603-49625,3,45,1,44,,NIKKEI 225 C2603-60500,249,422,83,339
NIKKEI 225 P2603-49750,23,1206,-50,1256,,NIKKEI 225 C2603-60625,10,17,0,17
NIKKEI 225 P2603-49875,14,30,4,26,,NIKKEI 225 C2603-60750,14,95,4,91
NIKKEI 225 P2603-50000,2225,6418,-275,6693,,NIKKEI 225 C2603-60875,12,21,3,18
NIKKEI 225 P2603-50125,19,75,0,75,,NIKKEI 225 C2603-61000,993,3102,634,2468
NIKKEI 225 P2603-50250,7,115,-4,119,,NIKKEI 225 C2603-61125,13,17,11,6
NIKKEI 225 P2603-50375,4,124,0,124,,NIKKEI 225 C2603-61250,6,134,1,133
NIKKEI 225 P2603-50500,390,1548,114,1434,,NIKKEI 225 C2603-61375,5,44,0,44
NIKKEI 225 P2603-50625,7,286,-5,291,,NIKKEI 225 C2603-61500,188,1734,57,1677
NIKKEI 225 P2603-50750,61,829,-3,832,,NIKKEI 225 C2603-61625,0,11,0,11
NIKKEI 225 P2603-50875,14,20,8,12,,NIKKEI 225 C2603-61750,1,26,-1,27
NIKKEI 225 P2603-51000,1185,2631,40,2591,,NIKKEI 225 C2603-61875,1,10,-1,11
NIKKEI 225 P2603-51125,13,68,0,68,,NIKKEI 225 C2603-62000,447,4332,-166,4498
NIKKEI 225 P2603-51250,73,1670,-6,1676,,NIKKEI 225 C2603-62500,114,651,-15,666
NIKKEI 225 P2603-51375,0,330,-1,331,,NIKKEI 225 C2603-63000,225,2289,-88,2377
NIKKEI 225 P2603-51500,238,583,4,579,,NIKKEI 225 C2603-63500,25,476,-4,480
NIKKEI 225 P2603-51625,22,175,0,175,,NIKKEI 225 C2603-64000,22,2260,-10,2270
NIKKEI 225 P2603-51750,216,458,206,252,,NIKKEI 225 C2603-64500,3,397,-1,398
NIKKEI 225 P2603-51875,12,531,4,527,,NIKKEI 225 C2603-65000,34,4888,-29,4917
NIKKEI 225 P2603-52000,2861,7086,1072,6014,,NIKKEI 225 C2603-65500,11,513,-8,521
NIKKEI 225 P2603-52125,238,343,5,338,,NIKKEI 225 C2603-66000,7,667,0,667
NIKKEI 225 P2603-52250,27,76,3,73,,NIKKEI 225 C2603-66500,1,169,0,169
NIKKEI 225 P2603-52375,0,24,0,24,,NIKKEI 225 C2603-67000,0,847,0,847
NIKKEI 225 P2603-52500,2101,3337,-146,3483,,NIKKEI 225 C2603-67500,0,175,0,175
NIKKEI 225 P2603-52625,4,12,0,12,,NIKKEI 225 C2603-68000,4,2779,-3,2782
NIKKEI 225 P2603-52750,88,230,-3,233,,NIKKEI 225 C2603-68500,0,131,0,131
NIKKEI 225 P2603-52875,10,36,-1,37,,NIKKEI 225 C2603-69000,0,242,0,242
NIKKEI 225 P2603-53000,1951,4463,654,3809,,NIKKEI 225 C2603-69500,0,88,0,88
NIKKEI 225 P2603-53125,0,9,0,9,,NIKKEI 225 C2603-70000,2,668,0,668
NIKKEI 225 P2603-53250,54,182,16,166,,NIKKEI 225 C2603-72500,0,379,0,379
NIKKEI 225 P2603-53375,0,652,0,652,,NIKKEI 225 C2603-75000,17,746,-11,757
NIKKEI 225 P2603-53500,526,411,-173,584,,限月合計,17615,122874,982,121892
NIKKEI 225 P2603-53625,7,51,-2,53,,,,,,
NIKKEI 225 P2603-53750,132,679,32,647,,NIKKEI 225 C2604-34250,0,32,0,32
NIKKEI 225 P2603-53875,0,177,0,177,,NIKKEI 225 C2604-38500,0,32,0,32
NIKKEI 225 P2603-54000,1453,5370,566,4804,,NIKKEI 225 C2604-43000,0,4,0,4
NIKKEI 225 P2603-54125,0,20,0,20,,NIKKEI 225 C2604-45000,0,15,0,15
NIKKEI 225 P2603-54250,118,136,58,78,,NIKKEI 225 C2604-47750,0,50,0,50
NIKKEI 225 P2603-54375,14,31,-10,41,,NIKKEI 225 C2604-50000,0,450,0,450
NIKKEI 225 P2603-54500,215,2329,5,2324,,NIKKEI 225 C2604-50500,0,200,0,200
NIKKEI 225 P2603-54625,0,256,0,256,,NIKKEI 225 C2604-51000,0,36,0,36
NIKKEI 225 P2603-54750,9,48,2,46,,NIKKEI 225 C2604-51500,0,591,0,591
NIKKEI 225 P2603-54875,0,51,0,51,,NIKKEI 225 C2604-52000,1,13,0,13
NIKKEI 225 P2603-55000,318,4072,-121,4193,,NIKKEI 225 C2604-52250,0,75,0,75
NIKKEI 225 P2603-55125,0,41,0,41,,NIKKEI 225 C2604-52500,2,305,2,303
NIKKEI 225 P2603-55250,2,2187,-2,2189,,NIKKEI 225 C2604-52750,1,1,1,0
NIKKEI 225 P2603-55375,0,10,0,10,,NIKKEI 225 C2604-53000,104,650,101,549
NIKKEI 225 P2603-55500,14,1704,-6,1710,,NIKKEI 225 C2604-53250,0,377,0,377
NIKKEI 225 P2603-55625,0,44,0,44,,NIKKEI 225 C2604-53500,2,62,0,62
NIKKEI 225 P2603-55750,2,906,0,906,,NIKKEI 225 C2604-53750,3,147,0,147
NIKKEI 225 P2603-55875,0,36,0,36,,NIKKEI 225 C2604-53875,0,55,0,55
NIKKEI 225 P2603-56000,890,3395,144,3251,,NIKKEI 225 C2604-54000,174,450,102,348
NIKKEI 225 P2603-56125,0,847,0,847,,NIKKEI 225 C2604-54125,4,0,0,0
NIKKEI 225 P2603-56250,0,105,0,105,,NIKKEI 225 C2604-54250,6,2,0,2
NIKKEI 225 P2603-56375,0,19,0,19,,NIKKEI 225 C2604-54375,3,0,0,0
NIKKEI 225 P2603-56500,10,1454,-1,1455,,NIKKEI 225 C2604-54500,109,227,106,121
NIKKEI 225 P2603-56625,0,36,0,36,,NIKKEI 225 C2604-54625,10,10,10,0
NIKKEI 225 P2603-56750,4,319,-3,322,,NIKKEI 225 C2604-54750,3,1,0,1
NIKKEI 225 P2603-56875,0,12,0,12,,NIKKEI 225 C2604-54875,7,1,0,1
NIKKEI 225 P2603-57000,10,2453,-5,2458,,NIKKEI 225 C2604-55000,167,1723,-67,1790
NIKKEI 225 P2603-57125,0,1,0,1,,NIKKEI 225 C2604-55125,4,1,0,1
NIKKEI 225 P2603-57250,0,28,0,28,,NIKKEI 225 C2604-55250,7,11,-150,161
NIKKEI 225 P2603-57375,0,17,0,17,,NIKKEI 225 C2604-55375,2,0,0,0
NIKKEI 225 P2603-57500,3,507,-2,509,,NIKKEI 225 C2604-55500,21,33,-3,36
NIKKEI 225 P2603-57625,0,7,0,7,,NIKKEI 225 C2604-55625,2,2,1,1
NIKKEI 225 P2603-57750,0,18,0,18,,NIKKEI 225 C2604-55750,3,1,0,1
NIKKEI 225 P2603-57875,1,1,-1,2,,NIKKEI 225 C2604-56000,65,950,11,939
NIKKEI 225 P2603-58000,0,866,0,866,,NIKKEI 225 C2604-56125,0,11,0,11
NIKKEI 225 P2603-58125,0,2,0,2,,NIKKEI 225 C2604-56250,1,7,1,6
NIKKEI 225 P2603-58250,1,18,-1,19,,NIKKEI 225 C2604-56375,2,11,0,11
NIKKEI 225 P2603-58375,0,2,0,2,,NIKKEI 225 C2604-56500,17,107,-3,110
NIKKEI 225 P2603-58500,0,330,0,330,,NIKKEI 225 C2604-56625,1,0,0,0
NIKKEI 225 P2603-58750,0,19,0,19,,NIKKEI 225 C2604-56750,6,152,3,149
NIKKEI 225 P2603-58875,0,2,0,2,,NIKKEI 225 C2604-56875,1,1,1,0
NIKKEI 225 P2603-59000,0,909,0,909,,NIKKEI 225 C2604-57000,499,2388,241,2147
NIKKEI 225 P2603-59125,0,2,0,2,,NIKKEI 225 C2604-57125,3,1,1,0
NIKKEI 225 P2603-59250,0,1,0,1,,NIKKEI 225 C2604-57250,2,8,0,8
NIKKEI 225 P2603-59375,0,1,0,1,,NIKKEI 225 C2604-57500,577,920,561,359
NIKKEI 225 P2603-59500,1,11,0,11,,NIKKEI 225 C2604-57625,1,1,0,1
NIKKEI 225 P2603-59750,1,1,-1,2,,NIKKEI 225 C2604-57750,4,14,1,13
NIKKEI 225 P2603-59875,0,6,0,6,,NIKKEI 225 C2604-57875,1,1,0,1
NIKKEI 225 P2603-60000,1,8,0,8,,NIKKEI 225 C2604-58000,174,2362,-113,2475
NIKKEI 225 P2603-60500,0,2,0,2,,NIKKEI 225 C2604-58125,2,2,1,1
NIKKEI 225 P2603-60625,0,4,0,4,,NIKKEI 225 C2604-58250,9,20,-1,21
NIKKEI 225 P2603-61000,0,7,0,7,,NIKKEI 225 C2604-58375,0,2,0,2
NIKKEI 225 P2603-61500,0,1,0,1,,NIKKEI 225 C2604-58500,18,319,2,317
NIKKEI 225 P2603-62000,0,1,0,1,,NIKKEI 225 C2604-58625,2,8,0,8
NIKKEI 225 P2603-65000,2,0,-2,2,,NIKKEI 225 C2604-58750,1,8,0,8
NIKKEI 225 P2603-69000,2,0,-2,2,,NIKKEI 225 C2604-58875,7,1,0,1
NIKKEI 225 P2603-70000,0,10,0,10,,NIKKEI 225 C2604-59000,159,1224,68,1156
限月合計,31969,197837,1388,196449,,NIKKEI 225 C2604-59250,39,340,34,306
,,,,,,NIKKEI 225 C2604-59375,2,3,1,2
NIKKEI 225 P2604-10000,102,774,25,749,,NIKKEI 225 C2604-59500,41,40,22,18
NIKKEI 225 P2604-12000,104,182,18,164,,NIKKEI 225 C2604-59625,0,1,0,1
NIKKEI 225 P2604-14000,59,121,10,111,,NIKKEI 225 C2604-59750,0,15,-151,166
NIKKEI 225 P2604-16000,81,119,13,106,,NIKKEI 225 C2604-60000,1140,3555,806,2749
NIKKEI 225 P2604-18000,62,195,4,191,,NIKKEI 225 C2604-60250,2,3,2,1
NIKKEI 225 P2604-20000,203,239,16,223,,NIKKEI 225 C2604-60375,0,1,0,1
NIKKEI 225 P2604-21000,12,47,5,42,,NIKKEI 225 C2604-60500,20,47,5,42
NIKKEI 225 P2604-22000,14,48,3,45,,NIKKEI 225 C2604-60625,8,31,8,23
NIKKEI 225 P2604-23000,16,101,4,97,,NIKKEI 225 C2604-60750,0,2,0,2
NIKKEI 225 P2604-24000,33,44,6,38,,NIKKEI 225 C2604-61000,381,5438,163,5275
NIKKEI 225 P2604-25000,67,4497,22,4475,,NIKKEI 225 C2604-61125,1,4,0,4
NIKKEI 225 P2604-26000,20,146,0,146,,NIKKEI 225 C2604-61250,1,2,0,2
NIKKEI 225 P2604-27000,15,37,3,34,,NIKKEI 225 C2604-61500,11,370,5,365
NIKKEI 225 P2604-28000,128,155,-69,224,,NIKKEI 225 C2604-61625,1,0,0,0
NIKKEI 225 P2604-29000,14,81,-4,85,,NIKKEI 225 C2604-61750,3,1,0,1
NIKKEI 225 P2604-29500,1,25,-1,26,,NIKKEI 225 C2604-61875,0,3,0,3
NIKKEI 225 P2604-29750,0,1,0,1,,NIKKEI 225 C2604-62000,130,1555,-5,1560
NIKKEI 225 P2604-30000,113,3276,-9,3285,,NIKKEI 225 C2604-62500,25,44,6,38
NIKKEI 225 P2604-30500,0,8,0,8,,NIKKEI 225 C2604-63000,435,3953,-120,4073
NIKKEI 225 P2604-31000,18,61,6,55,,NIKKEI 225 C2604-63500,16,40,3,37
NIKKEI 225 P2604-31250,0,4,0,4,,NIKKEI 225 C2604-64000,101,1075,-1,1076
NIKKEI 225 P2604-31500,1,12,0,12,,NIKKEI 225 C2604-64500,8,31,1,30
NIKKEI 225 P2604-31750,0,2,0,2,,NIKKEI 225 C2604-65000,106,1808,26,1782
NIKKEI 225 P2604-32000,105,196,51,145,,NIKKEI 225 C2604-66000,44,414,16,398
NIKKEI 225 P2604-32250,0,1,0,1,,NIKKEI 225 C2604-67000,40,1501,8,1493
NIKKEI 225 P2604-32500,3,106,2,104,,NIKKEI 225 C2604-68000,45,183,16,167
NIKKEI 225 P2604-32750,0,12,0,12,,NIKKEI 225 C2604-69000,48,299,-1,300
NIKKEI 225 P2604-33000,4,109,0,109,,NIKKEI 225 C2604-70000,115,213,-4,217
NIKKEI 225 P2604-33250,3,10,0,10,,NIKKEI 225 C2604-72500,26,149,-14,163
NIKKEI 225 P2604-33500,2,207,-1,208,,NIKKEI 225 C2604-75000,64,203,56,147
NIKKEI 225 P2604-33750,0,4,0,4,,限月合計,5040,35399,1759,33640
NIKKEI 225 P2604-34000,25,133,5,128,,,,,,
NIKKEI 225 P2604-34250,0,1,0,1,,NIKKEI 225 C2605-37750,0,12,0,12
NIKKEI 225 P2604-34500,0,104,0,104,,NIKKEI 225 C2605-43000,0,1,0,1
NIKKEI 225 P2604-35000,50,205,12,193,,NIKKEI 225 C2605-44000,0,12,0,12
NIKKEI 225 P2604-35250,1,0,-1,1,,NIKKEI 225 C2605-50250,0,50,0,50
NIKKEI 225 P2604-35500,3,110,2,108,,NIKKEI 225 C2605-51500,0,100,0,100
NIKKEI 225 P2604-35750,0,3,0,3,,NIKKEI 225 C2605-52000,0,310,0,310
NIKKEI 225 P2604-36000,17,133,1,132,,NIKKEI 225 C2605-53000,0,30,0,30
NIKKEI 225 P2604-36500,1,100,0,100,,NIKKEI 225 C2605-53250,0,103,0,103
NIKKEI 225 P2604-37000,22,235,6,229,,NIKKEI 225 C2605-53500,0,1,0,1
NIKKEI 225 P2604-37250,0,1,0,1,,NIKKEI 225 C2605-54000,0,8,0,8
NIKKEI 225 P2604-37500,2,101,0,101,,NIKKEI 225 C2605-55000,0,12,0,12
NIKKEI 225 P2604-38000,37,1222,2,1220,,NIKKEI 225 C2605-55500,2,302,2,300
NIKKEI 225 P2604-38250,0,3,0,3,,NIKKEI 225 C2605-55750,0,100,0,100
NIKKEI 225 P2604-38500,28,261,25,236,,NIKKEI 225 C2605-56000,2,252,1,251
NIKKEI 225 P2604-39000,29,310,20,290,,NIKKEI 225 C2605-56500,2,250,0,250
NIKKEI 225 P2604-39250,0,15,0,15,,NIKKEI 225 C2605-57000,1,917,0,917
NIKKEI 225 P2604-39500,7,333,-1,334,,NIKKEI 225 C2605-57500,0,150,0,150
NIKKEI 225 P2604-39750,3,4,-2,6,,NIKKEI 225 C2605-58000,2,303,0,303
NIKKEI 225 P2604-40000,168,2030,16,2014,,NIKKEI 225 C2605-59000,0,850,0,850
NIKKEI 225 P2604-40250,0,3,0,3,,NIKKEI 225 C2605-59375,0,500,0,500
NIKKEI 225 P2604-40500,6,188,-1,189,,NIKKEI 225 C2605-59500,0,395,0,395
NIKKEI 225 P2604-40750,0,4,0,4,,NIKKEI 225 C2605-59750,1,0,0,0
NIKKEI 225 P2604-41000,68,923,1,922,,NIKKEI 225 C2605-60000,46,711,-45,756
NIKKEI 225 P2604-41250,0,21,0,21,,NIKKEI 225 C2605-60125,1,0,0,0
NIKKEI 225 P2604-41500,5,216,1,215,,NIKKEI 225 C2605-61000,0,801,0,801
NIKKEI 225 P2604-41750,0,20,0,20,,NIKKEI 225 C2605-61500,0,165,0,165
NIKKEI 225 P2604-42000,639,1414,218,1196,,NIKKEI 225 C2605-62000,0,511,0,511
NIKKEI 225 P2604-42250,0,18,0,18,,NIKKEI 225 C2605-63000,0,327,0,327
NIKKEI 225 P2604-42500,77,594,0,594,,NIKKEI 225 C2605-64000,0,574,0,574
NIKKEI 225 P2604-42750,8,27,0,27,,NIKKEI 225 C2605-65000,45,153,-45,198
NIKKEI 225 P2604-43000,46,1624,-14,1638,,NIKKEI 225 C2605-66000,0,400,0,400
NIKKEI 225 P2604-43250,0,11,0,11,,NIKKEI 225 C2605-67000,0,365,0,365
NIKKEI 225 P2604-43500,0,532,0,532,,NIKKEI 225 C2605-68000,0,10,0,10
NIKKEI 225 P2604-43750,4,23,0,23,,NIKKEI 225 C2605-69000,1,1,1,0
NIKKEI 225 P2604-44000,283,1530,236,1294,,NIKKEI 225 C2605-70000,0,7,0,7
NIKKEI 225 P2604-44250,0,1,0,1,,NIKKEI 225 C2605-72500,0,4,0,4
NIKKEI 225 P2604-44500,12,407,0,407,,NIKKEI 225 C2605-75000,2,11,0,11
NIKKEI 225 P2604-44750,0,2,0,2,,限月合計,105,8698,-86,8784
NIKKEI 225 P2604-45000,498,2994,30,2964,,,,,,
NIKKEI 225 P2604-45250,0,1,0,1,,コール合計,24897,320446,3782,316664
NIKKEI 225 P2604-45500,16,1092,3,1089,,,,,,
NIKKEI 225 P2604-45750,0,36,0,36,,,,,,
NIKKEI 225 P2604-46000,239,1361,200,1161,,,,,,
NIKKEI 225 P2604-46250,3,3,0,3,,,,,,
NIKKEI 225 P2604-46500,18,624,0,624,,,,,,
NIKKEI 225 P2604-46750,7,107,5,102,,,,,,
NIKKEI 225 P2604-47000,85,2004,34,1970,,,,,,
NIKKEI 225 P2604-47250,0,9,0,9,,,,,,
NIKKEI 225 P2604-47500,41,113,37,76,,,,,,
NIKKEI 225 P2604-47750,7,179,0,179,,,,,,
NIKKEI 225 P2604-48000,246,3005,200,2805,,,,,,
NIKKEI 225 P2604-48250,3,2,1,1,,,,,,
NIKKEI 225 P2604-48500,4,1052,-1,1053,,,,,,
NIKKEI 225 P2604-48750,0,615,0,615,,,,,,
NIKKEI 225 P2604-49000,417,3848,-161,4009,,,,,,
NIKKEI 225 P2604-49125,0,2,0,2,,,,,,
NIKKEI 225 P2604-49250,0,11,0,11,,,,,,
NIKKEI 225 P2604-49500,0,224,-2,226,,,,,,
NIKKEI 225 P2604-49625,0,2,0,2,,,,,,
NIKKEI 225 P2604-49750,0,25,0,25,,,,,,
NIKKEI 225 P2604-49875,0,2,0,2,,,,,,
NIKKEI 225 P2604-50000,1080,4028,371,3657,,,,,,
NIKKEI 225 P2604-50250,4,21,0,21,,,,,,
NIKKEI 225 P2604-50500,725,1039,699,340,,,,,,
NIKKEI 225 P2604-50625,0,5,0,5,,,,,,
NIKKEI 225 P2604-50750,0,181,0,181,,,,,,
NIKKEI 225 P2604-51000,284,2084,-403,2487,,,,,,
NIKKEI 225 P2604-51125,0,101,0,101,,,,,,
NIKKEI 225 P2604-51250,0,67,0,67,,,,,,
NIKKEI 225 P2604-51375,0,19,0,19,,,,,,
NIKKEI 225 P2604-51500,22,493,11,482,,,,,,
NIKKEI 225 P2604-51750,45,66,25,41,,,,,,
NIKKEI 225 P2604-51875,0,500,0,500,,,,,,
NIKKEI 225 P2604-52000,164,2160,79,2081,,,,,,
NIKKEI 225 P2604-52125,0,3,0,3,,,,,,
NIKKEI 225 P2604-52250,0,3,0,3,,,,,,
NIKKEI 225 P2604-52375,0,3,0,3,,,,,,
NIKKEI 225 P2604-52500,96,1613,75,1538,,,,,,
NIKKEI 225 P2604-52750,13,6,-1,7,,,,,,
NIKKEI 225 P2604-52875,1,5,0,5,,,,,,
NIKKEI 225 P2604-53000,357,4938,5,4933,,,,,,
NIKKEI 225 P2604-53125,0,6,0,6,,,,,,
NIKKEI 225 P2604-53250,3,10,1,9,,,,,,
NIKKEI 225 P2604-53375,0,516,0,516,,,,,,
NIKKEI 225 P2604-53500,656,759,-37,796,,,,,,
NIKKEI 225 P2604-53750,0,3,0,3,,,,,,
NIKKEI 225 P2604-53875,0,126,-40,166,,,,,,
NIKKEI 225 P2604-54000,424,1913,200,1713,,,,,,
NIKKEI 225 P2604-54125,0,2,0,2,,,,,,
NIKKEI 225 P2604-54250,0,1,0,1,,,,,,
NIKKEI 225 P2604-54375,0,1,0,1,,,,,,
NIKKEI 225 P2604-54500,3,310,0,310,,,,,,
NIKKEI 225 P2604-54625,10,10,9,1,,,,,,
NIKKEI 225 P2604-54750,0,3,0,3,,,,,,
NIKKEI 225 P2604-54875,0,9,0,9,,,,,,
NIKKEI 225 P2604-55000,32,1666,-68,1734,,,,,,
NIKKEI 225 P2604-55125,0,11,0,11,,,,,,
NIKKEI 225 P2604-55250,116,116,0,116,,,,,,
NIKKEI 225 P2604-55375,0,1,0,1,,,,,,
NIKKEI 225 P2604-55500,0,35,0,35,,,,,,
NIKKEI 225 P2604-55625,0,4,0,4,,,,,,
NIKKEI 225 P2604-55750,0,25,0,25,,,,,,
NIKKEI 225 P2604-55875,0,20,0,20,,,,,,
NIKKEI 225 P2604-56000,6,1464,2,1462,,,,,,
NIKKEI 225 P2604-56125,3,21,0,21,,,,,,
NIKKEI 225 P2604-56250,0,110,0,110,,,,,,
NIKKEI 225 P2604-56375,0,10,0,10,,,,,,
NIKKEI 225 P2604-56500,0,31,0,31,,,,,,
NIKKEI 225 P2604-56625,0,1,0,1,,,,,,
NIKKEI 225 P2604-56750,0,585,0,585,,,,,,
NIKKEI 225 P2604-56875,0,2,0,2,,,,,,
NIKKEI 225 P2604-57000,1,902,-1,903,,,,,,
NIKKEI 225 P2604-57250,0,2,0,2,,,,,,
NIKKEI 225 P2604-57375,0,3,0,3,,,,,,
NIKKEI 225 P2604-57500,0,354,0,354,,,,,,
NIKKEI 225 P2604-57625,0,1,0,1,,,,,,
NIKKEI 225 P2604-58000,0,257,0,257,,,,,,
NIKKEI 225 P2604-58250,0,1,0,1,,,,,,
NIKKEI 225 P2604-58500,1,3,-1,4,,,,,,
NIKKEI 225 P2604-58625,0,1,0,1,,,,,,
NIKKEI 225 P2604-59000,7,17,7,10,,,,,,
NIKKEI 225 P2604-59500,0,3,0,3,,,,,,
NIKKEI 225 P2604-61000,0,4,0,4,,,,,,
限月合計,8358,67647,1909,65738,,,,,,
,,,,,,,,,,
NIKKEI 225 P2605-10000,19,494,-15,509,,,,,,
NIKKEI 225 P2605-12000,2,10,0,10,,,,,,
NIKKEI 225 P2605-14000,0,6,0,6,,,,,,
NIKKEI 225 P2605-16000,2,14,-1,15,,,,,,
NIKKEI 225 P2605-18000,7,23,0,23,,,,,,
NIKKEI 225 P2605-20000,1,21,1,20,,,,,,
NIKKEI 225 P2605-22000,0,18,0,18,,,,,,
NIKKEI 225 P2605-23000,0,5,0,5,,,,,,
NIKKEI 225 P2605-24000,0,5,0,5,,,,,,
NIKKEI 225 P2605-25000,0,207,0,207,,,,,,
NIKKEI 225 P2605-26000,0,2,0,2,,,,,,
NIKKEI 225 P2605-27000,0,9,0,9,,,,,,
NIKKEI 225 P2605-28000,1,0,-1,1,,,,,,
NIKKEI 225 P2605-29000,0,8,0,8,,,,,,
NIKKEI 225 P2605-30000,2,6,0,6,,,,,,
NIKKEI 225 P2605-31000,1,7,1,6,,,,,,
NIKKEI 225 P2605-32000,0,1,0,1,,,,,,
NIKKEI 225 P2605-33000,2,4,0,4,,,,,,
NIKKEI 225 P2605-34000,0,153,0,153,,,,,,
NIKKEI 225 P2605-35000,0,100,0,100,,,,,,
NIKKEI 225 P2605-36000,0,150,0,150,,,,,,
NIKKEI 225 P2605-37000,0,120,0,120,,,,,,
NIKKEI 225 P2605-37500,0,100,0,100,,,,,,
NIKKEI 225 P2605-38000,0,125,0,125,,,,,,
NIKKEI 225 P2605-38500,0,121,0,121,,,,,,
NIKKEI 225 P2605-39500,0,200,0,200,,,,,,
NIKKEI 225 P2605-40000,0,102,0,102,,,,,,
NIKKEI 225 P2605-40750,0,2,0,2,,,,,,
NIKKEI 225 P2605-41000,0,150,0,150,,,,,,
NIKKEI 225 P2605-42000,1,175,0,175,,,,,,
NIKKEI 225 P2605-42500,0,300,0,300,,,,,,
NIKKEI 225 P2605-42750,0,1,0,1,,,,,,
NIKKEI 225 P2605-43000,1,100,0,100,,,,,,
NIKKEI 225 P2605-43500,0,150,0,150,,,,,,
NIKKEI 225 P2605-43750,0,2,0,2,,,,,,
NIKKEI 225 P2605-44000,0,450,0,450,,,,,,
NIKKEI 225 P2605-44500,0,100,0,100,,,,,,
NIKKEI 225 P2605-45000,265,699,201,498,,,,,,
NIKKEI 225 P2605-45250,0,22,0,22,,,,,,
NIKKEI 225 P2605-45500,0,317,0,317,,,,,,
NIKKEI 225 P2605-45750,0,9,0,9,,,,,,
NIKKEI 225 P2605-46000,0,358,0,358,,,,,,
NIKKEI 225 P2605-46250,0,4,0,4,,,,,,
NIKKEI 225 P2605-46500,0,204,0,204,,,,,,
NIKKEI 225 P2605-46750,0,209,0,209,,,,,,
NIKKEI 225 P2605-47000,0,640,0,640,,,,,,
NIKKEI 225 P2605-47500,0,200,0,200,,,,,,
NIKKEI 225 P2605-48000,0,625,0,625,,,,,,
NIKKEI 225 P2605-48250,0,75,0,75,,,,,,
NIKKEI 225 P2605-48500,0,300,0,300,,,,,,
NIKKEI 225 P2605-49000,0,369,0,369,,,,,,
NIKKEI 225 P2605-49500,0,300,0,300,,,,,,
NIKKEI 225 P2605-50000,0,1000,0,1000,,,,,,
NIKKEI 225 P2605-50750,0,21,0,21,,,,,,
NIKKEI 225 P2605-51000,11,351,0,351,,,,,,
NIKKEI 225 P2605-51250,0,55,0,55,,,,,,
NIKKEI 225 P2605-51750,0,3,0,3,,,,,,
NIKKEI 225 P2605-52000,60,653,-60,713,,,,,,
NIKKEI 225 P2605-52500,0,30,0,30,,,,,,
NIKKEI 225 P2605-52750,0,8,0,8,,,,,,
NIKKEI 225 P2605-53000,0,200,0,200,,,,,,
NIKKEI 225 P2605-53250,0,1,0,1,,,,,,
NIKKEI 225 P2605-53375,0,6,0,6,,,,,,
NIKKEI 225 P2605-53500,0,100,0,100,,,,,,
NIKKEI 225 P2605-54000,0,126,0,126,,,,,,
NIKKEI 225 P2605-54625,0,6,0,6,,,,,,
NIKKEI 225 P2605-54875,0,6,0,6,,,,,,
NIKKEI 225 P2605-55000,0,1820,0,1820,,,,,,
NIKKEI 225 P2605-55250,0,25,0,25,,,,,,
NIKKEI 225 P2605-55500,0,350,0,350,,,,,,
NIKKEI 225 P2605-55625,0,4,0,4,,,,,,
NIKKEI 225 P2605-56000,0,152,0,152,,,,,,
NIKKEI 225 P2605-56125,0,6,0,6,,,,,,
NIKKEI 225 P2605-56500,0,75,0,75,,,,,,
NIKKEI 225 P2605-57000,20,220,0,220,,,,,,
NIKKEI 225 P2605-57500,0,150,0,150,,,,,,
NIKKEI 225 P2605-57750,0,30,0,30,,,,,,
NIKKEI 225 P2605-61000,0,8,0,8,,,,,,
限月合計,395,13178,126,13052,,,,,,
,,,,,,,,,,
プット合計,48891,565006,5840,559166,,,,,,
,,,,,,,,,,
（注）前日に取引最終日を迎えた銘柄に係る情報は含まれていません。,,,,,,,,,,
